customerId,email,emailHashedSHA256,firstName,lastName,dateOfBirth,phone,country,city,addressLine1,postalCode,customerTier,lifetimeValue,favoriteTeam,registrationDate,lastActivityDate,marketingConsent,emailOptIn,smsOptIn
CRM-00100000,rf1-w16-s35-vip-0-cee93f@f1traffic.com,49f4d2afa9c91cf79e83fcc610666cedb82b5ce03d771bd2b168c84066691f94,Khalid,Sharma,1990-12-04,+1-555-7594851,IN,Mumbai,9710 Racing Lane,64590,vip,12776.03,McLaren,2025-10-02,2026-03-01,true,true,false
CRM-00100001,rf1-w7-s50-standard-1-38d876@f1traffic.com,bef4822b152afe6525e0049d3dc865124ab26c3cda8639f759cac638aa0d02aa,Liu,Davis,1970-11-25,+1-555-7557870,NL,New York,734 Racing Lane,17092,standard,141.98,Aston Martin,2026-01-14,2026-05-16,true,true,false
CRM-00100002,rf1-w1-s10-gold-2-60c856@f1traffic.com,c4f6091dc95c7586371a9976cb84b52c8b659b4be1858b98f2473c4f5ff3fff9,Hiroshi,Patel,2006-05-26,+1-555-1357962,BR,Milan,2641 Racing Lane,62560,gold,2714.06,Alpine,2024-12-23,2026-06-13,true,false,true
CRM-00100003,rf1-w6-s31-standard-3-d16087@f1traffic.com,f3bf4db986f2a6ec4035dc71d8790a671dcb316926fb4d2517847812ac0b5793,Noah,Johnson,1987-04-20,+1-555-4228316,AU,London,2272 Racing Lane,68314,standard,51.03,Ferrari,2025-03-17,2026-05-13,true,true,true
CRM-00100004,rf1-w15-s1-vip-4-f768e9@f1traffic.com,8f6f695d7f2d4897b4bdee26d76e034000a8d7cec620f59390dc19a9c1ab581c,Fernando,Piastri,1987-11-03,+1-555-1090847,FR,Milan,9406 Racing Lane,87069,vip,7152.6,Mercedes,2025-06-09,2026-06-08,true,true,true
CRM-00100005,rf1-w2-s19-gold-5-0bb4ab@f1traffic.com,ab3c7edce5850b01bd15a56651a723ca2bc8c8df22da1c7e82601de7264d3918,Kai,Khan,2002-04-12,+1-555-3215601,CA,New York,7310 Racing Lane,22108,gold,6026.81,Williams,2024-12-28,2026-02-11,true,true,true
CRM-00100006,rf1-w19-s59-vip-6-899f5b@f1traffic.com,39c468f698be8d5e4bba9d479b4ebaf6ad9683e373248d50a38b9e0b1a5b0b46,Pierre,Gasly,1986-02-25,+1-555-2726651,CA,Milan,2287 Racing Lane,48670,vip,19498.24,Mercedes,2024-07-27,2026-01-08,true,false,true
CRM-00100007,rf1-w6-s63-vip-7-7c02ee@f1traffic.com,23ad4dd4beedef604ba9bb5dad99b7d109bb0bba7e8eac862751e0c7469cee76,Liu,Li,1979-01-15,+1-555-7644444,TH,Mumbai,5017 Racing Lane,79098,vip,22051.02,McLaren,2026-04-05,2026-05-08,true,true,false
CRM-00100008,rf1-w8-s12-gold-8-e7cd58@f1traffic.com,6b8aed77bef7886d670ef6d37850b7ff759fd118de53949b941c0e4903c117a6,David,Hamilton,2004-06-15,+1-555-6709655,US,Paris,6060 Racing Lane,36744,gold,7318.61,McLaren,2023-10-20,2026-05-01,true,true,false
CRM-00100009,rf1-w3-s15-vip-9-34a4de@f1traffic.com,4480c6d258d18b3aac233aa7bb49c8ee4ff2799ea8faf18ec7b5c4f80802497b,David,Alonso,1964-06-19,+1-555-9136981,CA,London,2432 Racing Lane,75367,vip,20901.72,Williams,2026-04-20,2026-03-27,true,true,false
CRM-00100010,rf1-w10-s63-vip-10-22690e@f1traffic.com,500299ea81d4d2319e72b4aaa99dd28e387007cf3f10f281f03a50844a12a9ff,Kai,Miller,1976-11-07,+1-555-9252624,MC,Milan,979 Racing Lane,79103,vip,22273.07,Williams,2024-08-03,2026-03-08,true,true,true
CRM-00100011,rf1-w2-s67-vip-11-052b3f@f1traffic.com,fc795fe7a97b7f60ebbb0c3c808435b31c3a84e837efa1496ff285463fc35a36,Mateo,Suzuki,2005-11-14,+1-555-4114766,SG,London,8865 Racing Lane,51696,vip,18764.4,Williams,2024-12-26,2025-12-28,true,true,true
CRM-00100012,rf1-w5-s41-standard-12-e4d916@f1traffic.com,f0127ed1a1b8e8c850909f1fec66827fe54c4708925211786e1d39ce07d3d9f7,Sergio,Wilson,1996-01-23,+1-555-9860447,MC,New York,8926 Racing Lane,44208,standard,463.52,Aston Martin,2026-01-22,2026-03-07,false,true,false
CRM-00100013,rf1-w15-s5-gold-13-bd6938@f1traffic.com,c80128d983c1b8a27a76e77938a6bd6eac55d2d58f839d998d1db388e4c077fc,Harper,Chen,1976-08-16,+1-555-2021152,DE,New York,9069 Racing Lane,42814,gold,4704.63,McLaren,2024-12-14,2026-03-17,false,false,true
CRM-00100014,rf1-w14-s25-vip-14-3b21c0@f1traffic.com,e9db599fd47a57b4f22484900df2effa3955fde37a721a732b934fd45bb49513,Owen,Miller,2004-03-16,+1-555-9861775,ES,Mumbai,5462 Racing Lane,22016,vip,14477.62,Aston Martin,2025-10-07,2026-04-03,false,false,true
CRM-00100015,rf1-w14-s47-standard-15-be8801@f1traffic.com,34a4305d7ab0aaa05616033289056c7090bdf5ba39d9804edc74454b5defab51,Lance,Taylor,1981-07-22,+1-555-3467950,BR,London,9917 Racing Lane,98849,standard,582.19,Red Bull Racing,2025-05-07,2026-05-29,false,true,true
CRM-00100016,rf1-w14-s58-standard-16-73fdf7@f1traffic.com,1f1c1217e2af94b669814223426dcedb3fe139ace39c4c3a4b09ceebb3103465,Nico,Piastri,1999-05-20,+1-555-7145214,DE,Paris,4590 Racing Lane,79591,standard,514.56,Alpine,2024-06-23,2025-12-28,true,true,false
CRM-00100017,rf1-w4-s7-silver-17-4c33cf@f1traffic.com,2ae14b09d6b565961597ff0d0294c0247caced7780d7fab35aa729fa1102773e,Diego,Gasly,1974-06-18,+1-555-5136303,SG,Paris,1006 Racing Lane,24671,silver,668.95,Williams,2024-10-19,2026-04-29,false,true,true
CRM-00100018,rf1-w18-s57-gold-18-def170@f1traffic.com,a0d32a89c2fa44a747cbbfa01314fa8a2ddfef54632f82e754b6a59d5a7d80c1,Aria,Norris,1975-07-01,+1-555-6291682,AU,London,136 Racing Lane,38181,gold,2755.98,Aston Martin,2025-10-13,2026-02-24,true,false,true
CRM-00100019,rf1-w9-s69-gold-19-25aaf6@f1traffic.com,d17a9da1902fa89b003c222649a82790255fbac9ecbbbb5a6419f5d775a0be9d,Lucas,Thomas,1994-11-04,+1-555-7031879,FR,Paris,8615 Racing Lane,21281,gold,3240.24,Aston Martin,2024-08-29,2025-12-21,true,false,true
CRM-00100020,rf1-w1-s48-vip-20-0e5946@f1traffic.com,36c7d03908735ab229beb9ff10125d6c540f923696424bc3e0dcac8a20a3fef7,Lando,Singh,1999-02-25,+1-555-2511967,AE,Mumbai,9076 Racing Lane,71732,vip,16848.83,Ferrari,2023-10-28,2025-12-30,true,false,true
CRM-00100021,rf1-w11-s47-silver-21-510a26@f1traffic.com,ab9553433b08fb1b638323c702f1d67c2fb4d632d9ed72d7e4e0437eb410661f,Fernando,Garcia,1973-08-17,+1-555-4968971,MC,New York,4882 Racing Lane,94475,silver,1470.12,McLaren,2023-10-13,2026-03-14,true,true,true
CRM-00100022,rf1-w4-s66-silver-22-32115a@f1traffic.com,911b0d7c7efcf36bef1f0a61235e61d1770b94703167b4f33621dc54fdb109fa,Olivia,Zhang,1967-09-13,+1-555-5148867,AE,New York,2083 Racing Lane,84232,silver,1810.83,Alpine,2025-03-06,2026-02-18,true,true,true
CRM-00100023,rf1-w15-s49-gold-23-475cfc@f1traffic.com,0f7bc86481d2324fd581cd491ed149aef92984a34169d40b124877b235a2d3da,Maya,Anderson,1961-12-07,+1-555-7029867,DE,Tokyo,7965 Racing Lane,98582,gold,7211.78,Williams,2025-04-04,2026-05-31,true,true,false
CRM-00100024,rf1-w14-s70-gold-24-26a904@f1traffic.com,9c481b8c969165469e56c13e23447c4fe0b57dabb489b39fc342115505e046cd,Hiroshi,Thomas,1995-11-16,+1-555-8898965,TH,Paris,215 Racing Lane,94656,gold,4593.11,Alpine,2025-10-28,2026-02-25,true,true,false
CRM-00100025,rf1-w2-s26-standard-25-6e0414@f1traffic.com,524f998db7d69ce7a31b2f0820b5aa468f67a5d5a5ac9d416694a9fa8b9e820f,Ella,Suzuki,2001-08-25,+1-555-8555589,SG,Mumbai,7483 Racing Lane,17860,standard,469.07,Red Bull Racing,2025-04-01,2026-01-21,true,true,false
CRM-00100026,rf1-w3-s41-standard-26-4c0321@f1traffic.com,a0b13c8dc78f738fe21c63831c8c9e7bdbee52b1f6096ef1109beaf06d3ab057,Hiroshi,Rodriguez,1974-10-13,+1-555-6129050,TH,Paris,9608 Racing Lane,48749,standard,442.76,Mercedes,2024-04-21,2025-12-19,true,true,true
CRM-00100027,rf1-w17-s34-silver-27-7f7b09@f1traffic.com,4646db2600bb280d4e57500483f2635517cf0fc8409e7b7b239931de2ebecf16,Mason,Tanaka,1984-06-12,+1-555-3205604,US,Milan,7026 Racing Lane,35777,silver,1674.1,Aston Martin,2023-10-08,2026-04-27,true,true,false
CRM-00100028,rf1-w9-s30-gold-28-48f50b@f1traffic.com,ff37bfd2b93de37ea44d4afad9ace2af6b5f710c4953449dd14440f49bc74282,Hiroshi,Miller,1970-02-18,+1-555-2915365,SG,Tokyo,2765 Racing Lane,48843,gold,4016.68,McLaren,2023-12-19,2026-04-26,true,true,false
CRM-00100029,rf1-w2-s26-gold-29-cee7a2@f1traffic.com,4522632c03c061167a565ac966a102ed292059182dc92ac42081fc4e687ec551,Hassan,Leclerc,1963-05-08,+1-555-2423332,ES,New York,5223 Racing Lane,53949,gold,6823.16,McLaren,2024-11-01,2026-02-23,true,true,true
CRM-00100030,rf1-w5-s46-vip-30-4d913e@f1traffic.com,1d988b2cf0b63a72fb5052dc9d683bb74836dde7d4841a314eb3662f575cb5c4,Liam,Taylor,2004-03-26,+1-555-3470523,FR,New York,9057 Racing Lane,66237,vip,11775.1,McLaren,2025-03-26,2026-05-08,true,true,false
CRM-00100031,rf1-w14-s56-standard-31-b9eb16@f1traffic.com,6acf5abeb04c85f7d9ddbc482411e0596bea251491f02351e1dfc6b2c4081c29,Harper,Jones,1999-02-10,+1-555-9167866,IN,London,6730 Racing Lane,64076,standard,632.55,Red Bull Racing,2024-07-31,2026-06-13,true,true,true
CRM-00100032,rf1-w6-s65-silver-32-1f3c76@f1traffic.com,0ac97d4ac5baf7561da29c25bf8bd9d54e3bda09cbc93be0c04d091c8124e9ae,Charlotte,Norris,2000-02-10,+1-555-4555251,CA,Tokyo,2089 Racing Lane,67898,silver,2057.49,Ferrari,2026-03-19,2026-04-26,true,true,true
CRM-00100033,rf1-w0-s73-gold-33-e7eee4@f1traffic.com,f4cba1e94d7c0dfe446f88f47fcfb31bd90fc9f2536f521944ad7e95fd8d89c3,William,Park,2005-08-15,+1-555-7624295,GB,Tokyo,1366 Racing Lane,61905,gold,6316.85,Williams,2025-11-08,2026-01-03,true,true,false
CRM-00100034,rf1-w15-s20-silver-34-6a6e9e@f1traffic.com,922dde04b4f286a03675e69a40edb644e23c7fc0792872576d0c3d3f2cac1041,Chloe,Smith,1974-09-11,+1-555-7849378,BR,Milan,3197 Racing Lane,36676,silver,1454.02,Mercedes,2025-11-30,2026-05-27,true,true,true
CRM-00100035,rf1-w15-s49-standard-35-6d7f02@f1traffic.com,ad8129cc4c67e09251a602e496b003d1fc4afb4051ccfc7120e19020efcfa031,Khalid,Kumar,1964-07-07,+1-555-5684658,NL,Tokyo,2233 Racing Lane,82620,standard,327.18,McLaren,2023-11-25,2026-01-13,true,false,false
CRM-00100036,rf1-w14-s24-silver-36-9db543@f1traffic.com,bca8176ac3dcd2f1f4429fc44f8774f103084295f80f50e4744821a0095de978,Logan,Moore,1963-02-17,+1-555-8961566,BR,London,9270 Racing Lane,98989,silver,1329.71,Ferrari,2025-03-06,2026-04-21,true,false,true
CRM-00100037,rf1-w9-s46-gold-37-bebd38@f1traffic.com,d9cc608b2dca4c58cafed2ab85e9bb805ad94eeaae5eae8a9b4454ba73f16780,James,Taylor,1961-07-13,+1-555-2621890,GB,Mumbai,395 Racing Lane,83343,gold,5698.49,Williams,2025-05-24,2026-05-31,true,true,false
CRM-00100038,rf1-w12-s69-silver-38-ad654a@f1traffic.com,c88f9f22c6008b22cd3d888cd14c80aa93e21cc81388c7154f337401d1db4420,Evelyn,Khan,1975-08-10,+1-555-7388170,SG,Mumbai,684 Racing Lane,13187,silver,944.53,McLaren,2024-01-28,2026-02-16,true,true,false
CRM-00100039,rf1-w12-s15-standard-39-32de87@f1traffic.com,15bba3278ed483f3b33761ae9ae598e5582becaf0d88a8e57ba6bb559e8cef9d,Lucas,Ocon,1989-05-14,+1-555-3399578,AE,Tokyo,4783 Racing Lane,12034,standard,363.05,McLaren,2026-03-04,2026-04-19,false,true,false
CRM-00100040,rf1-w10-s15-standard-40-326b80@f1traffic.com,3c1a31d7a6a5d3b04cf27734f670cc349fa05bd461833d842e5ce2e7e492bf28,Michael,Moore,1965-08-17,+1-555-3358243,SG,New York,7705 Racing Lane,16095,standard,796.8,Alpine,2024-10-13,2025-12-25,false,false,true
CRM-00100041,rf1-w14-s58-standard-41-f4ae98@f1traffic.com,69e879db0b4e74e3d176a85233ad084223b4e4a31b46a98e0782436c09a6424a,Esteban,Liu,1997-03-16,+1-555-5563448,MC,Tokyo,4446 Racing Lane,82660,standard,270.12,McLaren,2025-07-18,2026-05-17,true,false,true
CRM-00100042,rf1-w19-s10-silver-42-368e09@f1traffic.com,081e8297a2ef96acd54bf6eaf5093f7746fd889fa7285306be23437ff9e9fdff,Valtteri,Chen,1973-11-08,+1-555-6195893,NL,New York,154 Racing Lane,46378,silver,2436.77,Alpine,2024-05-05,2026-04-14,true,true,false
CRM-00100043,rf1-w7-s38-silver-43-80afeb@f1traffic.com,afb6ba0dc47db65f80547ebec8bc97256d6ce0306cb8af1f680d2f27f0444fbe,Oscar,Wilson,1989-09-14,+1-555-2025031,GB,Milan,7486 Racing Lane,49752,silver,599.75,Aston Martin,2025-12-28,2025-12-18,true,true,false
CRM-00100044,rf1-w2-s26-vip-44-1ac3b8@f1traffic.com,ea571da701e595868d2b7416597154e26cdf3e7731485d3e56df3ca5885e392c,Khalid,Sharma,1987-10-03,+1-555-9846186,GB,New York,9092 Racing Lane,46012,vip,11297.62,Mercedes,2025-08-23,2026-06-05,true,true,false
CRM-00100045,rf1-w1-s11-silver-45-ece989@f1traffic.com,adbb0d06f49c4fa2b797d0bef5c1d69a9b0b919b9342ece1dda71c80c47556b7,Carlos,Singh,1974-03-03,+1-555-3752442,ES,Tokyo,1197 Racing Lane,23809,silver,974.55,Ferrari,2025-08-24,2026-03-23,false,true,false
CRM-00100046,rf1-w19-s40-gold-46-6698bf@f1traffic.com,7da2f7a9e646e7ee81d428ac14f2547aa6dbe01b9a9af7d6befeeb2f07fb9abe,Khalid,Taylor,1971-07-14,+1-555-1372325,NL,New York,779 Racing Lane,78216,gold,4914.19,Aston Martin,2025-04-26,2026-01-05,true,true,false
CRM-00100047,rf1-w0-s20-standard-47-ac90b5@f1traffic.com,dca874ce375a77ba97a60a3cafc9d95ba6017d88acb4b011a13009dbf7d8bfd7,Lance,Reddy,1990-02-18,+1-555-4719674,MC,Paris,6790 Racing Lane,98661,standard,184.87,Williams,2025-03-22,2026-05-23,true,true,true
CRM-00100048,rf1-w11-s30-vip-48-fb8aa3@f1traffic.com,2153a30c712481cfd40538b16a4c59204f894e84cfe27ff1c8774ce9b30551a6,Fernando,Lee,1990-07-03,+1-555-2526649,IT,Tokyo,6795 Racing Lane,11432,vip,10595.93,McLaren,2024-04-13,2026-03-05,true,true,false
CRM-00100049,rf1-w13-s3-vip-49-5dbdf5@f1traffic.com,9314cd8056abcca9b70f10b93fe0d7039545ebb3e5221d526cf84ff55141baa0,Samuel,Li,1983-02-08,+1-555-2283359,IN,Paris,2541 Racing Lane,78108,vip,24970.73,Williams,2024-11-04,2026-06-11,true,true,true
CRM-00100050,rf1-w0-s13-silver-50-bd1a6d@f1traffic.com,548f8721c6130ecd5971434bd7c53bc2034880626a439b8c8d7a87d17214a5cf,Ren,Zhang,1987-05-10,+1-555-3633233,GB,Paris,7801 Racing Lane,23241,silver,1448.34,Mercedes,2026-05-20,2026-06-04,false,true,false
CRM-00100051,rf1-w2-s55-standard-51-15c6d7@f1traffic.com,fa0f233c49c1f161e86ba85d17bdf71d5a3bd46f64339a8c4ea94437988ce615,Krishna,Wilson,1976-02-23,+1-555-1627495,BR,Tokyo,22 Racing Lane,33147,standard,505.03,Williams,2025-06-12,2026-02-22,true,false,true
CRM-00100052,rf1-w2-s42-gold-52-4321fa@f1traffic.com,2063a30cf16191e8c93e4c3bbaabf42ad95bf17cfd5cd306c916ef253c1bb69a,Ren,Anderson,1993-02-13,+1-555-3659467,AU,Milan,2766 Racing Lane,56709,gold,3628.93,Mercedes,2025-07-22,2026-05-16,true,true,false
CRM-00100053,rf1-w6-s13-silver-53-805afa@f1traffic.com,e8a6226113993106606eb09f7d254eb683903dc49b6d747bede71483ab47b994,Lance,Smith,1998-12-08,+1-555-2702540,BR,Tokyo,5725 Racing Lane,23032,silver,532.52,Aston Martin,2024-07-20,2025-12-23,true,true,false
CRM-00100054,rf1-w15-s22-gold-54-8554a8@f1traffic.com,a04536b6873e4211a3b967bf9561d95bb6a8e120b8a789affc0f86be337d2096,Diego,Suzuki,1968-05-19,+1-555-9580409,BR,New York,4701 Racing Lane,55398,gold,3972.91,Ferrari,2025-02-23,2026-03-01,false,false,false
CRM-00100055,rf1-w19-s19-standard-55-f7464e@f1traffic.com,b75f4daa890a456ed9f1a14368abb5d9fc895ef06d724879e6d6e480db060a6b,Lando,Wang,2002-04-13,+1-555-6085897,BR,New York,3782 Racing Lane,39415,standard,630.05,Williams,2025-12-03,2026-04-11,true,false,true
CRM-00100056,rf1-w14-s7-gold-56-fd5649@f1traffic.com,359b20d43b3c9a545de0083e80c262d21e20e9932d9e094f481764916d2fed83,Pierre,Wilson,1996-02-07,+1-555-4094865,IT,Tokyo,710 Racing Lane,43924,gold,3371.68,McLaren,2024-06-24,2026-06-08,true,true,true
CRM-00100057,rf1-w4-s12-standard-57-ac71d4@f1traffic.com,b8c9a1f8d31e228efbf845f51929a3bfd3a2e8012c2b89bec4b5e8317759d274,Pierre,Li,1996-10-29,+1-555-4264489,ES,Tokyo,2873 Racing Lane,64507,standard,567.53,Alpine,2023-10-19,2025-12-25,true,true,false
CRM-00100058,rf1-w1-s65-gold-58-0feb4a@f1traffic.com,70e1fe9a1ddfcb3332ef627912c6fc1ccc6d62e6acb025f847eddd4770852453,Ren,Alonso,1981-12-24,+1-555-3161148,JP,Milan,3977 Racing Lane,48081,gold,6389.42,Williams,2025-04-06,2026-05-10,true,false,false
CRM-00100059,rf1-w15-s54-vip-59-180e39@f1traffic.com,0a512603060532b3f8543fd6e63635ab9d9adcaee9d09c894d417eb141091ed8,George,Wilson,2003-11-07,+1-555-1756413,IN,Mumbai,6509 Racing Lane,72306,vip,14176.39,Ferrari,2024-08-09,2026-03-26,true,false,false
CRM-00100060,rf1-w8-s69-silver-60-eac0e4@f1traffic.com,fee76d34a5e6e75f63e6581a87d1e7945985fbd6b405081edc317beab9f2bd38,Logan,Ahmed,1982-08-28,+1-555-1581950,DE,London,2628 Racing Lane,63940,silver,2103.04,Aston Martin,2026-05-29,2026-04-20,false,true,true
CRM-00100061,rf1-w6-s67-silver-61-c47d4b@f1traffic.com,d201c252d7d4449e63f4ba18242407358fc9fd7ed7c3fccbf390ac7406be4299,Aditya,Gasly,1998-07-14,+1-555-8929968,DE,Tokyo,9013 Racing Lane,54065,silver,1688.29,Alpine,2024-12-06,2026-04-02,true,true,false
CRM-00100062,rf1-w3-s44-gold-62-8061b4@f1traffic.com,dc24e5309b92875dce09ecdb2ff4b3417234461fc78bf47d7916497f527bf1d9,Abigail,Chen,1985-07-08,+1-555-5238170,GB,Mumbai,8490 Racing Lane,84650,gold,4115.77,Ferrari,2024-10-06,2026-04-08,true,true,true
CRM-00100063,rf1-w1-s62-gold-63-6d409d@f1traffic.com,4a0a4c650c7088e220c471cea94e09a1f5896b2bedb3c2fd972170bff249a672,Kai,Sharma,1974-09-25,+1-555-7995832,NL,Mumbai,1935 Racing Lane,59026,gold,7856.79,Aston Martin,2025-01-11,2026-01-24,true,true,true
CRM-00100064,rf1-w2-s18-standard-64-c662a5@f1traffic.com,7d587b9b431a96e7153bcb885b96edf65b66f6992c0076cee38aae68b56782d3,Evelyn,Wang,1996-09-26,+1-555-9714859,JP,Paris,6278 Racing Lane,11871,standard,626.89,Red Bull Racing,2024-06-10,2026-01-21,true,true,true
CRM-00100065,rf1-w13-s17-standard-65-2ce5e5@f1traffic.com,a95d505cf1ec5e766b4c0fc160edee958fdc256efaed4ddcbf6cd2fe16db8b3d,Sophia,Reddy,1966-04-26,+1-555-6277283,US,London,29 Racing Lane,93596,standard,594.6,Ferrari,2025-03-08,2026-05-19,false,false,false
CRM-00100066,rf1-w7-s24-gold-66-a3f77d@f1traffic.com,1e00ce0834d24ad6dfcd29ed216cec4e01804c1a67a6559c8485f421ad235313,Ishaan,Anderson,1971-06-09,+1-555-7740991,BR,Paris,6585 Racing Lane,62146,gold,7338.96,Red Bull Racing,2025-09-23,2026-01-25,true,true,true
CRM-00100067,rf1-w6-s48-silver-67-364c6b@f1traffic.com,44bfd65e0d3d529e7e80be5307fc3f6a63b0e7e817ae7d0ee53429b162ea5cbf,Yuki,Khan,1965-04-20,+1-555-6414578,US,Tokyo,85 Racing Lane,34470,silver,957.55,Alpine,2025-08-16,2026-04-04,true,true,true
CRM-00100068,rf1-w19-s17-gold-68-c900e8@f1traffic.com,f35f7e1672f47787009a0a446f05bbae7c1084dd6e9a2ef327cb623852e33b7c,Logan,Liu,1965-12-14,+1-555-3735660,IT,London,8535 Racing Lane,38712,gold,7544.72,Aston Martin,2024-11-15,2026-03-27,true,true,true
CRM-00100069,rf1-w6-s52-gold-69-0b548d@f1traffic.com,f836700049efcf6b4d58b5388b0316420cffe60fb02f2065e17bd5a25d507a30,Abigail,Tsunoda,1967-09-11,+1-555-5993359,IT,Tokyo,7404 Racing Lane,38762,gold,4146.56,Alpine,2023-12-08,2026-01-09,true,false,true
CRM-00100070,rf1-w8-s31-gold-70-2f93f7@f1traffic.com,7f4e9d7403f737a360df8affd2ea528d081776ecab00fcf9106c2ee957892ed7,Olivia,Martinez,1985-06-29,+1-555-4444400,US,Paris,6720 Racing Lane,70364,gold,6830.14,Mercedes,2024-01-30,2026-05-24,true,true,true
CRM-00100071,rf1-w1-s27-silver-71-c3fcc1@f1traffic.com,305ddf4c44912e8c2621267d0325dc7148883ad9251eb931b66c373fa5ab40e6,Fernando,Rodriguez,1981-11-14,+1-555-5125497,SG,Mumbai,9713 Racing Lane,10603,silver,1601.33,Alpine,2024-12-28,2025-12-21,true,false,false
CRM-00100072,rf1-w18-s24-vip-72-fa77ab@f1traffic.com,c6516d9138ed69594cf16abee83996c4897781087e5c57800b06ccc5ead3e88d,Emma,Ahmed,1972-05-13,+1-555-8022515,JP,Milan,5227 Racing Lane,10550,vip,22140.46,Ferrari,2025-04-05,2026-01-07,true,false,false
CRM-00100073,rf1-w4-s32-gold-73-785d75@f1traffic.com,3f17cc2c244dfe002445bd10e65ec586778c0c369177c7123f9c810b3ed3e87a,George,Suzuki,1993-12-19,+1-555-8283190,GB,Milan,7467 Racing Lane,54281,gold,6763.34,Williams,2024-01-30,2026-01-07,true,true,false
CRM-00100074,rf1-w11-s10-gold-74-70d543@f1traffic.com,1d984cbcad5b7308c15798f42d963089674e0bf46ef4763edcf36df4bb718a46,Vivaan,Kumar,1997-03-09,+1-555-6063680,AE,New York,4692 Racing Lane,64564,gold,6878.89,Alpine,2025-04-23,2026-01-03,true,true,true
CRM-00100075,rf1-w17-s42-silver-75-7d189b@f1traffic.com,21d52487fe525f966d94f83b5ce2ca97b21c7f090a0e14e6c04c7357e3bdc808,Abigail,Tanaka,1975-06-13,+1-555-1937679,DE,Paris,1668 Racing Lane,17078,silver,1112.25,Alpine,2024-01-27,2026-01-26,true,false,true
CRM-00100076,rf1-w0-s2-silver-76-7d9e27@f1traffic.com,ae325894276f4bfe25d5e616543fd47e8beb5abec97cf9386e1d8a1d4fe68e01,George,Suzuki,1984-10-03,+1-555-6437790,CA,New York,7468 Racing Lane,83974,silver,1033.98,Mercedes,2026-05-11,2026-03-21,true,false,false
CRM-00100077,rf1-w6-s31-standard-77-d6d460@f1traffic.com,985eaea99a1fb9130e86c18eb6f4a327b925ce2dfa112be397af9b0b209ec5b7,Charles,Suzuki,1967-11-27,+1-555-5593829,DE,Paris,6743 Racing Lane,55848,standard,648.25,Alpine,2024-07-30,2025-12-28,true,false,false
CRM-00100078,rf1-w1-s55-gold-78-997925@f1traffic.com,37feb12cd3696d1524828b977b63802a8b5caa8d57de9efa685d4f2358a15d9b,Omar,Wilson,1978-11-04,+1-555-6424879,ES,New York,3441 Racing Lane,79625,gold,2683.88,McLaren,2026-01-13,2025-12-26,true,true,true
CRM-00100079,rf1-w13-s23-vip-79-dd9bc0@f1traffic.com,9def803099603a6e8ca640babad8277bfff405554d4e261361877412bba483fc,David,Iyer,1995-07-14,+1-555-9595407,TH,Paris,5102 Racing Lane,70262,vip,6672.22,McLaren,2025-09-02,2026-01-17,true,true,false
CRM-00100080,rf1-w4-s45-vip-80-cb662e@f1traffic.com,c79285d4a6f6d433c5da03d93f5c49267c4551130b809aed904e217464959f88,Joseph,Khan,1981-04-10,+1-555-7811407,US,Tokyo,3223 Racing Lane,72446,vip,20541.29,Red Bull Racing,2024-04-06,2026-04-21,false,true,false
CRM-00100081,rf1-w19-s13-vip-81-265666@f1traffic.com,6565af79ae450a7870e005a5b244fd30e3e7f7e11846d0a83903ce853fbc2c07,Chloe,Williams,1987-10-13,+1-555-2942879,AU,London,6123 Racing Lane,65410,vip,24445.35,Alpine,2025-11-26,2025-12-30,true,true,true
CRM-00100082,rf1-w11-s25-gold-82-36c740@f1traffic.com,11d0d8feacb0dbd069d4f2bb1c7d01c150b52b8bc540080570dd4510dcd5c4a5,Henry,Martinez,1992-02-20,+1-555-5035428,JP,Tokyo,6961 Racing Lane,57069,gold,5216.16,Alpine,2024-08-01,2025-12-19,false,true,false
CRM-00100083,rf1-w6-s26-vip-83-cae64e@f1traffic.com,6464922043ed6166361192256cae39e98540d2af04e370e9785b4a4eb6a365de,Mateo,Davis,1972-06-29,+1-555-6255981,CA,London,922 Racing Lane,66555,vip,9789.95,Williams,2023-12-11,2026-02-08,true,false,false
CRM-00100084,rf1-w18-s14-standard-84-f889fd@f1traffic.com,1ba651164559a986d0403617fda2248c2689566f9953ec2de2941364743384c2,Hassan,Chen,1969-03-19,+1-555-3208094,BR,London,5851 Racing Lane,76746,standard,620.37,Mercedes,2024-03-27,2026-01-11,false,true,true
CRM-00100085,rf1-w6-s68-silver-85-7650bd@f1traffic.com,95b9db2adc513a743aead4c5bcb43c4d48106ad20c423022241202b295e1fdbc,Lando,Hamilton,2004-06-29,+1-555-2714220,CA,Mumbai,8883 Racing Lane,30219,silver,1033.47,Aston Martin,2024-08-09,2026-01-13,true,true,true
CRM-00100086,rf1-w18-s2-silver-86-98be03@f1traffic.com,27ccc749c1880e4f7c573b696a822b6865812d25945ce562ef13c9c4ed6ee898,Owen,Smith,1968-10-30,+1-555-5581608,TH,London,634 Racing Lane,89770,silver,785.08,Red Bull Racing,2024-10-01,2026-02-11,false,true,false
CRM-00100087,rf1-w12-s45-vip-87-fb425c@f1traffic.com,ddca657c89fd29aed5da8f567e2f8c598447a339ecdaebedec142f5630ea9960,William,Piastri,2004-08-30,+1-555-4478787,SG,London,756 Racing Lane,32668,vip,21510.57,McLaren,2024-04-23,2026-03-29,true,true,false
CRM-00100088,rf1-w5-s13-silver-88-718567@f1traffic.com,f59987e6ab1b566d4d67faa0de8592f032339ade23b487f2122461b39b5ebcf7,Owen,Garcia,1975-10-09,+1-555-1987604,NL,Milan,639 Racing Lane,29307,silver,2212.95,Williams,2024-01-31,2026-03-29,true,true,false
CRM-00100089,rf1-w7-s58-vip-89-32362e@f1traffic.com,3a1274f1497ad936ddfc37e9e273dc2ec217e443395f8bbd0df6b7542d462c47,Mia,Wilson,2000-05-13,+1-555-5662912,CA,London,6650 Racing Lane,95024,vip,17101.68,Alpine,2026-03-30,2026-02-11,true,true,true
CRM-00100090,rf1-w18-s25-standard-90-9e2cb8@f1traffic.com,12294bca5f09a5fcd21e3cf577139c377686fab45132d4009938884fcd73ee11,Ren,Gasly,1965-07-22,+1-555-7902340,IT,Milan,5661 Racing Lane,86089,standard,619.27,Ferrari,2025-07-01,2026-05-03,true,true,true
CRM-00100091,rf1-w4-s22-vip-91-5a6430@f1traffic.com,f2856325cf418a07b7518aa307d3b1e705889abdedfdec8b2167b3d941de1d17,Liu,Ahmed,1997-02-04,+1-555-3375881,AU,Milan,6008 Racing Lane,42468,vip,11004.79,Alpine,2024-03-25,2026-05-03,true,true,true
CRM-00100092,rf1-w10-s5-silver-92-ba549a@f1traffic.com,1641f62047d677089af001479c9f2bc53afe577f6055e22e643b5a5c6592ed63,Olivia,Kim,1985-01-22,+1-555-8418058,GB,Mumbai,2663 Racing Lane,53179,silver,1280.17,Ferrari,2025-09-25,2026-02-05,true,false,true
CRM-00100093,rf1-w3-s11-silver-93-a6ccb6@f1traffic.com,41dfe695032c60e8109424112dc69e42cf7fc1b6fdcd371aef039ed5e46cc3cc,Aria,Park,1994-12-30,+1-555-6934437,ES,Paris,6324 Racing Lane,64381,silver,1142.08,Mercedes,2025-12-08,2026-04-05,true,true,false
CRM-00100094,rf1-w19-s28-silver-94-2f116a@f1traffic.com,cce951c66c0ca0b765ee26c8cc782f7e1ff0839ed5145be8ebf937235182ba57,Sophia,Leclerc,2001-04-20,+1-555-6229854,US,New York,8028 Racing Lane,92070,silver,2027.26,Red Bull Racing,2025-11-08,2026-04-17,true,true,false
CRM-00100095,rf1-w0-s8-standard-95-aaddfc@f1traffic.com,cad4f103751aa73ab9640fa49e7ec8cc46abeed58104a8e47dd41ef561587b1a,Mia,Williams,1967-01-28,+1-555-7368949,IN,Tokyo,1799 Racing Lane,19574,standard,107.33,Alpine,2026-04-18,2026-04-27,true,true,false
CRM-00100096,rf1-w16-s57-standard-96-bc5edd@f1traffic.com,1ac942964a932e0df54248d509e4f7d9886e88c32406f2653be06a18b43c514f,Aarav,Ocon,1983-10-24,+1-555-5882955,NL,Mumbai,7528 Racing Lane,12615,standard,763.42,Ferrari,2025-03-01,2026-05-17,true,false,false
CRM-00100097,rf1-w19-s47-gold-97-08f6df@f1traffic.com,c83a36f5286f9e8b26fc4676860c72ab8a27498f5153bdbc253b453ddb725f59,Khalid,Liu,1978-06-05,+1-555-4318493,US,New York,5881 Racing Lane,37877,gold,6688.98,Aston Martin,2025-10-14,2026-03-14,true,false,true
CRM-00100098,rf1-w1-s11-standard-98-026fd1@f1traffic.com,6bda167d35e139ac57f918afd60de512b2e27455abb6263de4d8a654105b527e,Liu,Martinez,1964-07-14,+1-555-1008025,MC,Milan,3460 Racing Lane,76084,standard,315.61,Williams,2024-04-28,2026-03-24,true,true,false
CRM-00100099,rf1-w2-s23-vip-99-03538d@f1traffic.com,ea7cca3859be8722a6e7f3cc14550a4364afd6312f385e7fcf2f64ad8d166ff3,Olivia,Li,1971-09-15,+1-555-7238072,GB,London,8367 Racing Lane,58412,vip,21055.94,Ferrari,2024-11-13,2026-02-22,true,true,true
CRM-00100100,rf1-w9-s63-gold-100-e4bcfe@f1traffic.com,2d259b4be1a4aefb51c440278c2ec1af1eb418906abc880093d0fe0eb211cbc2,Aditya,Wilson,1967-05-14,+1-555-3432119,DE,Mumbai,2270 Racing Lane,67649,gold,3426.14,Red Bull Racing,2024-04-15,2026-04-18,true,false,false
CRM-00100101,rf1-w18-s21-silver-101-eb7b4b@f1traffic.com,85bcf540d978df8148c6608bc048b373c99c08a8adb56adb4a4c0bbe7f58e488,Arjun,Ocon,1995-06-30,+1-555-8466875,BR,New York,2905 Racing Lane,31057,silver,1217.47,Mercedes,2025-06-11,2026-04-28,false,true,false
CRM-00100102,rf1-w1-s72-standard-102-82f182@f1traffic.com,d1c9aa37aa14cde932112973b5cef4290caa203f7c33d60cecb6eee94616cf19,Daniel,Verstappen,1970-06-01,+1-555-6988407,CA,New York,3076 Racing Lane,22887,standard,476.09,Aston Martin,2023-11-15,2026-05-14,true,true,false
CRM-00100103,rf1-w17-s19-standard-103-5c06d1@f1traffic.com,7de7f3cf5e7176f0a2d2e7a953f1d1c1446112e18f98184d73e9dceb96838d1c,Ella,Chen,2005-05-04,+1-555-9927177,CA,London,5321 Racing Lane,65382,standard,382.17,McLaren,2024-09-02,2026-06-08,true,true,false
CRM-00100104,rf1-w3-s67-vip-104-199d0c@f1traffic.com,0aa206632b6aa719e62207cc03871646a6474fd9dbeb5913019b51faa2ae79c9,Olivia,Kumar,1974-07-13,+1-555-2817488,JP,Milan,5612 Racing Lane,47118,vip,10966.72,Aston Martin,2024-07-18,2026-06-01,true,true,true
CRM-00100105,rf1-w18-s22-gold-105-17c147@f1traffic.com,19ff6c19b0aa529c911177a5184cb9ae91288aee4aaba4efb0494ce5ebc7d6f7,Michael,Hamilton,1981-02-24,+1-555-5131247,NL,Tokyo,3792 Racing Lane,43850,gold,7973.08,Red Bull Racing,2025-08-22,2026-03-16,false,true,true
CRM-00100106,rf1-w10-s48-gold-106-7a807f@f1traffic.com,a751554a9f53e19a39777cb32d50d1cc8c237e1f3b7d292ecb25b2d6779d04c2,David,Chen,1980-10-22,+1-555-1037942,FR,Milan,9723 Racing Lane,48294,gold,4144.97,Ferrari,2024-07-29,2026-02-22,true,true,false
CRM-00100107,rf1-w18-s12-vip-107-c343b3@f1traffic.com,88a56e8de63a20e1c474924fe82a39f145a47c91c3171cc07a56ac777cf17769,Liu,Piastri,2003-08-15,+1-555-1723732,CA,New York,9140 Racing Lane,99672,vip,16034.23,Aston Martin,2024-12-11,2026-04-04,false,true,true
CRM-00100108,rf1-w0-s43-gold-108-d1c3c2@f1traffic.com,ff44a3c37b1311ed7b93204a65dac3913288af1e193d16331f94ef5463d8d08c,Ethan,Taylor,1978-04-05,+1-555-7130798,MC,Milan,750 Racing Lane,57547,gold,4181.01,Mercedes,2024-10-30,2026-04-13,true,false,true
CRM-00100109,rf1-w0-s11-vip-109-dfd9bf@f1traffic.com,f2879cea77292df89c816daa239d6080f15a91f4db72ba87bb605721ba0db7fe,Ella,Patel,1971-07-30,+1-555-6802026,TH,Mumbai,2165 Racing Lane,38656,vip,18081.93,Williams,2025-01-16,2026-01-10,true,true,true
CRM-00100110,rf1-w19-s30-silver-110-af003c@f1traffic.com,35b92719eba61f3f4f1ee55fdac4a7bae58bd8446a7edc61ffde11d3125dc836,Henry,Taylor,1982-06-22,+1-555-7394341,GB,Tokyo,6993 Racing Lane,37705,silver,926.3,Ferrari,2026-05-23,2026-04-24,true,true,false
CRM-00100111,rf1-w14-s13-standard-111-e7ed32@f1traffic.com,a8eec2f899f77e776a8c867366c7c0ddfb58d98edd9cf2b08736bf83010dadf4,Carlos,Perez,1977-09-15,+1-555-4588484,FR,Paris,9005 Racing Lane,95613,standard,413.65,Ferrari,2025-02-21,2025-12-29,true,true,true
CRM-00100112,rf1-w9-s71-standard-112-415b7d@f1traffic.com,a568efec89fc74a3464d7c2272c30260bf7c064e92fcbe02fa0c59c13c6a42f2,Hassan,Gasly,1972-11-25,+1-555-8349803,TH,New York,5410 Racing Lane,74873,standard,119.12,Red Bull Racing,2025-03-21,2026-05-22,true,true,false
CRM-00100113,rf1-w16-s14-vip-113-8ec719@f1traffic.com,90ca8adc7827a74e0627b13f47fb2b8f9f37bf7dd89f87e08397012d43d7f51f,Sergio,Smith,1993-10-22,+1-555-9882161,IT,Milan,7311 Racing Lane,73821,vip,13988.73,Ferrari,2024-12-13,2026-06-08,true,false,true
CRM-00100114,rf1-w6-s12-silver-114-27539a@f1traffic.com,3a9aed056c1a4d2c2959242400639e7d0beee96b64f3461840af52bb6f0f9d01,Fernando,Anderson,1968-04-04,+1-555-6456874,JP,Tokyo,2408 Racing Lane,29354,silver,1502.5,Aston Martin,2024-12-18,2026-05-14,false,true,true
CRM-00100115,rf1-w4-s47-standard-115-a3b0e7@f1traffic.com,b57e6f74ab396e798b80119f53c85cfce298848a340d43ffca2187c0a5a9cec1,Charlotte,Taylor,1981-07-22,+1-555-3698156,BR,Tokyo,4204 Racing Lane,62839,standard,603.26,Alpine,2024-06-03,2026-03-20,true,true,false
CRM-00100116,rf1-w10-s39-silver-116-add6c7@f1traffic.com,c5d2157ecc15f62677fdb10d01113a7957e8ab57e3c0af89e2e800d8e168126a,Harper,Verstappen,1975-11-30,+1-555-7619019,SG,Milan,4078 Racing Lane,50545,silver,1354.98,Williams,2025-05-18,2026-03-19,true,true,false
CRM-00100117,rf1-w3-s28-vip-117-9c7c7e@f1traffic.com,b219b174ee56da2f1a7c2c9ea45bb3eeae5c64a3e0f3df0b9770a3620f014509,Maya,Ocon,1972-05-27,+1-555-8389414,ES,Tokyo,7970 Racing Lane,44350,vip,21546.13,Williams,2025-02-15,2026-04-18,true,true,true
CRM-00100118,rf1-w13-s10-standard-118-d3455f@f1traffic.com,145e96bab675ff8ee8581c2c7ef70e53637b64573cc51219f869e1e77a052d5d,Olivia,Anderson,2000-08-13,+1-555-8600290,DE,Tokyo,4802 Racing Lane,15258,standard,441.87,Alpine,2025-09-03,2026-05-26,false,true,false
CRM-00100119,rf1-w15-s33-silver-119-5b367a@f1traffic.com,2a1f102eaa7a1d4380cbbba90fb226aa5da612526778ee38491e36293bc6ef2d,Yuki,Liu,1998-09-13,+1-555-8823860,TH,Tokyo,1506 Racing Lane,72037,silver,951.7,Ferrari,2025-12-13,2026-03-05,false,true,true
CRM-00100120,abigail.leclerc120@f1retail.com,7aa6351a89e99af5945d360e0f34a045fe4a482b1eaa9ba8b23eb970052f2e89,Abigail,Leclerc,1975-02-07,+1-555-5302349,SG,Tokyo,1383 Racing Lane,72445,gold,2394.91,Mercedes,2024-09-13,2026-02-28,false,false,true
CRM-00100121,pierre.suzuki121@f1retail.com,26da399b819b4a79fc400584916d89ead114bb17eb4a3bd6a9599b38edeec077,Pierre,Suzuki,1989-07-19,+1-555-8239498,NL,Mumbai,8920 Racing Lane,27361,standard,341.7,McLaren,2023-12-13,2026-03-10,true,true,false
CRM-00100122,mason.ocon122@f1retail.com,0bdb4f773c309f1f0dc19996f46db23870de4861edb506939e74d39de4079ef3,Mason,Ocon,1997-03-26,+1-555-8558469,NL,London,6435 Racing Lane,82048,gold,2934.54,Aston Martin,2024-05-26,2026-02-11,true,false,false
CRM-00100123,amelia.garcia123@f1retail.com,d3e4d5465afe2697dff99ad753b77b7eeea8ded6ee636c26873b45d9f631fff3,Amelia,Garcia,1972-06-14,+1-555-4720842,TH,Tokyo,9702 Racing Lane,86831,gold,3837.28,McLaren,2026-02-14,2026-01-26,true,true,false
CRM-00100124,esteban.brown124@f1retail.com,8eab75bb88296a6d75e9b33c51cb4a0fd38073acee4aff3a51a377ef0baefc5c,Esteban,Brown,1999-05-14,+1-555-8863664,JP,Milan,3627 Racing Lane,74193,silver,619.4,Mercedes,2026-06-01,2026-03-19,true,true,false
CRM-00100125,esteban.gasly125@f1retail.com,a6e451ef5be9267a2e9e400c54f56a881a8681c479a29f6c1ec352db16c4527b,Esteban,Gasly,1995-02-19,+1-555-8048438,ES,Milan,9985 Racing Lane,19017,gold,5729.39,Williams,2025-09-10,2026-05-29,true,true,true
CRM-00100126,max.thomas126@f1retail.com,87bbc191de2055dbae963f0a42bda65c1b3280f9848c32f5cd6c3b5356b5579b,Max,Thomas,1967-08-27,+1-555-4826506,IT,Mumbai,487 Racing Lane,10478,gold,7958.99,Aston Martin,2025-11-06,2026-04-08,true,true,true
CRM-00100127,mia.tsunoda127@f1retail.com,3a9e4c376bec543c30a31ae97c0c91193bc9dd3952085b0230136f6ec5a613ee,Mia,Tsunoda,2002-02-02,+1-555-7415189,TH,London,7496 Racing Lane,18656,gold,2518.77,Aston Martin,2025-09-05,2026-05-14,true,false,true
CRM-00100128,logan.ahmed128@f1retail.com,90372dceda8e8e5376907f896a77a49d18b9b056725a5fb8ab497557989d7207,Logan,Ahmed,1962-12-30,+1-555-3857701,GB,Tokyo,6392 Racing Lane,42513,standard,232.94,Williams,2025-02-16,2026-05-04,true,true,false
CRM-00100129,hiroshi.williams129@f1retail.com,6f80e7e187a782238227e8f4538f3a1a01072c6ee2530f43fdbd2ed4abb12c2a,Hiroshi,Williams,1993-03-05,+1-555-5612281,BR,Milan,6250 Racing Lane,43212,gold,3098.44,McLaren,2025-10-18,2026-01-05,true,true,false
CRM-00100130,michael.russell130@f1retail.com,3f8727e5be9c29ffd6b497d5294794c5a302b982131793940e207bc81e3e1ad1,Michael,Russell,2003-02-18,+1-555-1605497,MC,New York,3658 Racing Lane,61728,standard,325.22,Alpine,2025-03-31,2026-05-16,true,true,false
CRM-00100131,owen.ocon131@f1retail.com,c4b32cdb3bf0d2c25d45a9feb854a38cf5bd62ed3a645f7a9605661c5d2ab0aa,Owen,Ocon,2000-05-14,+1-555-4955387,AU,London,4918 Racing Lane,35392,standard,299.05,Aston Martin,2026-01-23,2026-05-02,true,true,true
CRM-00100132,ava.li132@f1retail.com,2303b66dda0f8258d906ce497d7f2ce9dc1549909625524abfabaef6b65e0bf9,Ava,Li,1980-06-12,+1-555-3128905,MC,Paris,3339 Racing Lane,20138,standard,598.87,Aston Martin,2026-02-23,2026-02-15,true,true,false
CRM-00100133,pierre.sainz133@f1retail.com,9f20ffcceb48bd38c67a209f4092a56798325a1ba033b74a6fe85a06246be8fb,Pierre,Sainz,1978-03-20,+1-555-7095595,BR,New York,2528 Racing Lane,19344,standard,106.35,McLaren,2023-10-16,2026-05-07,true,true,false
CRM-00100134,maya.gasly134@f1retail.com,cefc3d2da5db62ffe0982d99fb8063445508596d6fce661173038742f8bf9877,Maya,Gasly,1998-03-08,+1-555-6050097,TH,Milan,8508 Racing Lane,10283,vip,6505.18,Alpine,2025-08-22,2026-01-14,true,true,true
CRM-00100135,ishaan.ahmed135@f1retail.com,268b939f9f9082b1035652dfdc828311af843eef6774c841955d57a74cd406fe,Ishaan,Ahmed,1965-09-15,+1-555-6989781,AE,London,1224 Racing Lane,99099,vip,17857.11,Mercedes,2025-05-22,2026-04-22,true,false,false
CRM-00100136,amelia.moore136@f1retail.com,e9a89d9190152127c2a2cc69c730e114810303eadd0594b09465d4f3652445d9,Amelia,Moore,1993-02-12,+1-555-3158750,IT,London,8951 Racing Lane,58637,silver,1612.53,Aston Martin,2023-11-09,2026-01-28,true,true,true
CRM-00100137,maya.martinez137@f1retail.com,9cf0f647fbd98b8799eb98a34afad26b37e630635b27348cd43e5cda2d9b98ac,Maya,Martinez,1977-04-16,+1-555-2872407,GB,Milan,2918 Racing Lane,24567,vip,23993.29,Mercedes,2025-05-11,2026-04-26,false,true,false
CRM-00100138,lando.martinez138@f1retail.com,1a4c28865b752a80fb7e35524f4e43f9bda40b928f68fd352ac0f188231995d2,Lando,Martinez,1978-10-27,+1-555-3910907,IN,Paris,4014 Racing Lane,44712,standard,758.44,McLaren,2024-11-23,2026-06-11,true,false,false
CRM-00100139,diego.martinez139@f1retail.com,f8dcdc0fbfe84429bfc5f66fe809c47f64c52aa2c14af1ee9f875eb72dea1a1e,Diego,Martinez,1969-07-09,+1-555-7188176,TH,Milan,4005 Racing Lane,18223,standard,415.78,Red Bull Racing,2025-07-31,2026-01-04,true,true,false
CRM-00100140,maya.rodriguez140@f1retail.com,75b1f9766ebcd4dd86a945b115586661617c41000a41115c7e3f93fc266e6bf7,Maya,Rodriguez,1983-10-08,+1-555-9484374,NL,Tokyo,3786 Racing Lane,16177,vip,23057.44,Red Bull Racing,2024-07-17,2026-02-14,true,true,true
CRM-00100141,max.tsunoda141@f1retail.com,364c7e29c0cf32ce1d957977787aea8a6fd0bc575f626b04b496590a7a336abf,Max,Tsunoda,1986-01-29,+1-555-4834669,CA,London,503 Racing Lane,51901,vip,12843.49,Mercedes,2025-04-06,2026-01-08,true,false,false
CRM-00100142,aria.anderson142@f1retail.com,01df35ea2d06355b4421c3cf8b1db0654b8410f8b82ca4f74cf16a7888a89ac3,Aria,Anderson,1964-02-11,+1-555-5871423,US,Tokyo,1493 Racing Lane,74740,vip,24578.82,Aston Martin,2025-04-06,2026-03-26,true,true,false
CRM-00100143,valtteri.suzuki143@f1retail.com,60f3f1e72bf6be414ced2147f1827621b4e5ba5cb1a6163571017589ffd22379,Valtteri,Suzuki,1964-03-16,+1-555-2943677,MC,Tokyo,9123 Racing Lane,38049,standard,725.83,Ferrari,2024-06-19,2026-05-13,true,true,true
CRM-00100144,ella.smith144@f1retail.com,dcfd0c497ff7ba77337c262da8b42af11d3738bf97c9cb2f7a2e9ac96514136b,Ella,Smith,1997-06-14,+1-555-8715455,US,Paris,6802 Racing Lane,76119,standard,435.1,Red Bull Racing,2024-05-29,2026-02-17,false,true,true
CRM-00100145,kai.suzuki145@f1retail.com,8642a7784fb859608b4a122d9ca8835ecd6926caaa094465cb97c4aaeda3a653,Kai,Suzuki,1992-09-18,+1-555-6286373,BR,Mumbai,763 Racing Lane,78285,vip,19775.47,Williams,2023-12-10,2026-02-24,true,true,false
CRM-00100146,noah.alonso146@f1retail.com,727967af354dd453b6e8d0fbf02fb756f9d5677e7be27be8bd9491bbb83e1b20,Noah,Alonso,1974-03-25,+1-555-7068008,AU,Milan,4882 Racing Lane,86580,gold,7686.6,Williams,2024-03-07,2026-05-17,true,false,true
CRM-00100147,james.wang147@f1retail.com,e72283af703095e0fe9cb25f303e5ebacf8c5c0e6494a5d9d5faecca04ae7f8f,James,Wang,1991-10-04,+1-555-8586412,AU,Mumbai,2160 Racing Lane,86248,gold,3899.72,Ferrari,2023-11-05,2026-05-29,true,true,false
CRM-00100148,yuki.reddy148@f1retail.com,ca0181afc6dd330c41dfea10a0a2be51410d379bcb57953f2959fd7f180fc51e,Yuki,Reddy,1973-09-04,+1-555-2527714,AE,London,8083 Racing Lane,52504,gold,5124.66,McLaren,2025-07-22,2026-06-04,true,true,false
CRM-00100149,lance.ahmed149@f1retail.com,faf6ee6e212644b682de0936453a6a95e21df548675e2160581248ad9c2b4eb5,Lance,Ahmed,1961-08-08,+1-555-1537658,FR,New York,9429 Racing Lane,41137,vip,9749.31,Red Bull Racing,2025-11-10,2026-01-18,false,true,true
CRM-00100150,mason.johnson150@f1retail.com,a21b51b602b3794e1cd2c12ec39aef321179db25ae141bb58ba983e7f24da126,Mason,Johnson,1969-10-11,+1-555-6928721,FR,Milan,8651 Racing Lane,90255,standard,762.94,Alpine,2025-08-08,2026-02-26,true,true,false
CRM-00100151,diego.garcia151@f1retail.com,17a0be06b10f79c53b5cb67060df2c9faf86dbc3762a8882df31c67a86848acb,Diego,Garcia,1968-05-17,+1-555-4810689,JP,Milan,4372 Racing Lane,55718,silver,857.22,Ferrari,2024-04-13,2026-05-20,true,true,true
CRM-00100152,harper.park152@f1retail.com,8faba4f8b2d8ec4c570ff3de788f839d20d218f5d402ef825fd61a347d67c772,Harper,Park,1964-11-17,+1-555-9407412,AU,London,9592 Racing Lane,56609,silver,2190.9,Williams,2026-01-08,2026-04-26,true,false,true
CRM-00100153,abigail.wilson153@f1retail.com,db2cf864b208bc386c6a8299699a583d08eb5e90f9ce992094dea4723858fffb,Abigail,Wilson,1990-06-13,+1-555-9504707,ES,London,7709 Racing Lane,52426,vip,15148.57,Alpine,2024-02-18,2026-05-13,true,true,true
CRM-00100154,henry.zhang154@f1retail.com,ef9870e811cb7ce9f34df92d6c8eee169c865903f7267848e02a6de495eca643,Henry,Zhang,2001-03-02,+1-555-4321565,GB,Milan,7819 Racing Lane,57581,vip,19855.76,Aston Martin,2024-04-10,2026-01-06,true,true,false
CRM-00100155,joseph.tanaka155@f1retail.com,713398e432776531ae270204938a8cb2a6793522cdaac68da3b736ec66e4a7b3,Joseph,Tanaka,1974-07-14,+1-555-7570250,BR,Paris,5981 Racing Lane,75200,silver,1556.11,Ferrari,2025-10-21,2026-03-30,true,false,false
CRM-00100156,diego.norris156@f1retail.com,91046163f41a6f0a8298819dc2f669802fa7bfd5dbed13326a2cf6ec791b52f0,Diego,Norris,2003-08-20,+1-555-2078209,SG,Tokyo,271 Racing Lane,77927,vip,17706.64,Mercedes,2025-09-13,2026-04-06,false,false,true
CRM-00100157,ella.piastri157@f1retail.com,1504fdc91749ddb1e55b62ed21c7683c8f2f349fc074f75c755158c2bf896273,Ella,Piastri,1998-05-14,+1-555-1044031,US,London,1336 Racing Lane,64596,standard,413.43,Red Bull Racing,2024-09-07,2026-03-27,true,true,true
CRM-00100158,hassan.chen158@f1retail.com,3a67721e71ec5a4a192221cef0742b0d1da881c62028055d96b6b58a24598fa1,Hassan,Chen,1998-08-28,+1-555-4660525,BR,London,8990 Racing Lane,26819,standard,790.47,Mercedes,2023-12-29,2025-12-29,true,true,true
CRM-00100159,joseph.kim159@f1retail.com,4c7981dffae82eb97597b789a9164a469555369be3a5acce092bc95a00763b86,Joseph,Kim,1986-11-07,+1-555-7268072,IN,Paris,3760 Racing Lane,18289,silver,1616.13,Williams,2023-11-01,2026-05-29,true,false,true
CRM-00100160,hiroshi.kim160@f1retail.com,e64fe40e2ca0dda1b1d84d0d04c5d56afa43412d2dcbe0a7bea77defdd747c23,Hiroshi,Kim,1994-03-22,+1-555-2817973,JP,London,2694 Racing Lane,54719,silver,1358.4,Alpine,2025-08-11,2026-03-11,true,false,false
CRM-00100161,joseph.iyer161@f1retail.com,f2198893610ba461d1c40891fde2762d1ac12ab0268cca9714da3eebbfeb10ad,Joseph,Iyer,1995-06-28,+1-555-2631119,TH,Tokyo,1485 Racing Lane,25673,standard,561,Red Bull Racing,2025-09-01,2026-02-11,true,true,true
CRM-00100162,max.khan162@f1retail.com,a59a45c3c334818034d725b79442af6eea5d856767359be6db6e3d6942c677f8,Max,Khan,1962-11-02,+1-555-3768227,AU,Mumbai,334 Racing Lane,87944,standard,696.49,Mercedes,2025-08-25,2025-12-27,true,true,false
CRM-00100163,sergio.iyer163@f1retail.com,e6f35f3a581c7c2e1e4a2034f93d565a2ba5f6167ab7150e20b1ca65e548dd4f,Sergio,Iyer,1983-06-24,+1-555-9673878,BR,Tokyo,6313 Racing Lane,19330,standard,616.31,McLaren,2024-06-23,2026-06-11,true,true,true
CRM-00100164,lucas.russell164@f1retail.com,ab661be813de6105da86e1fa86b7b1aaa73ab951e4e8327ec6ae761d79221375,Lucas,Russell,1986-03-29,+1-555-8780022,IN,Mumbai,6149 Racing Lane,72220,standard,163.77,Williams,2026-06-11,2026-05-15,false,true,false
CRM-00100165,owen.lee165@f1retail.com,36d789edd6455d8941b9f86feb3be47334e4db13175866bf14ffbe599fea5a43,Owen,Lee,1996-08-28,+1-555-3184353,MC,London,2287 Racing Lane,46619,silver,1955.75,Red Bull Racing,2024-05-14,2026-03-20,true,true,true
CRM-00100166,khalid.patel166@f1retail.com,fd61aef1851c28bc58717292126a6b792ca8cdc8b694bd28cb82454f243c3ff9,Khalid,Patel,1977-04-05,+1-555-4726853,AE,Paris,8655 Racing Lane,28321,gold,7280,Aston Martin,2026-04-04,2026-04-29,true,false,true
CRM-00100167,charles.jones167@f1retail.com,95487f6e61636fd9616e1bcef2a4389a067dd2826443e9f4f701566eaedeedf2,Charles,Jones,1981-01-12,+1-555-4933447,IT,New York,1087 Racing Lane,49558,silver,724.76,Mercedes,2025-05-23,2026-04-05,true,true,false
CRM-00100168,charles.perez168@f1retail.com,1ed309fcd7149fa8d9314fbc5bd96ce0df78964f2c9ba4a32f1db12ebc697403,Charles,Perez,1982-07-15,+1-555-3397823,FR,Tokyo,5374 Racing Lane,89399,silver,1298.58,Mercedes,2026-02-09,2026-03-19,true,false,false
CRM-00100169,ishaan.martinez169@f1retail.com,f06e975780665ecec79a09e12c3fe0cdb10d765114a21fa18e54cf3ed8567053,Ishaan,Martinez,1991-07-17,+1-555-6736153,JP,Tokyo,6909 Racing Lane,66709,standard,558.46,Ferrari,2024-11-05,2026-04-12,true,true,true
CRM-00100170,alex.brown170@f1retail.com,2848479a61789b85d92f31510d9e2146157a94ea8defa5687aad468bb23aca41,Alex,Brown,1987-01-14,+1-555-1604612,FR,Tokyo,5386 Racing Lane,38430,standard,476.33,Aston Martin,2026-03-15,2026-01-16,true,false,true
CRM-00100171,khalid.anderson171@f1retail.com,2bd8959ea965f2f5b4ec7cb5c85ac80644db6bcfb03030b2868b61174e6185f1,Khalid,Anderson,1988-01-22,+1-555-4546948,BR,Milan,3766 Racing Lane,87041,gold,4745.88,Williams,2024-10-08,2026-04-09,true,true,false
CRM-00100172,oscar.khan172@f1retail.com,6d0810768ef7d01f362a3c1092e67fc29bc0644022f5fa783651982de21f918d,Oscar,Khan,1978-12-04,+1-555-1493198,SG,Mumbai,2310 Racing Lane,54058,standard,186.77,Mercedes,2026-03-04,2026-04-18,true,true,true
CRM-00100173,henry.verstappen173@f1retail.com,f4f070f7010a908b06d9c1a655df20554107e30ad57046b757e862571b938046,Henry,Verstappen,1975-11-26,+1-555-5143627,GB,London,2893 Racing Lane,59861,vip,23300.35,Ferrari,2024-11-13,2026-01-30,true,true,true
CRM-00100174,amelia.liu174@f1retail.com,08a0ca863943555c69aca8e067a40580e6d0ca9799b25b6fca6aca24819ae8cc,Amelia,Liu,1985-10-22,+1-555-9078339,TH,Tokyo,5282 Racing Lane,85127,silver,2296.91,Williams,2025-02-25,2026-03-30,false,true,false
CRM-00100175,henry.hamilton175@f1retail.com,2417e7c3fe15a33c624f2225ca3ebf2af43df0d0696bb2f69970feec79b97731,Henry,Hamilton,2000-12-23,+1-555-9393316,CA,New York,6570 Racing Lane,94159,gold,5918.5,Williams,2025-01-26,2026-04-09,false,false,false
CRM-00100176,henry.miller176@f1retail.com,706d260eadc399a9e4d6f6409e1b12ae9a74510062844ef8135db1c1f2b7a8cb,Henry,Miller,2005-12-19,+1-555-9773801,SG,Tokyo,9116 Racing Lane,57631,standard,251.11,Mercedes,2025-09-13,2026-04-17,true,true,true
CRM-00100177,fernando.norris177@f1retail.com,8e2764859d530ccd7d6b3b77013ccde0bde14d278f83bac26cdf3752c609bbaa,Fernando,Norris,2002-09-22,+1-555-8260181,MC,Tokyo,8514 Racing Lane,98621,gold,5125.84,Williams,2024-10-27,2026-04-10,true,false,false
CRM-00100178,george.norris178@f1retail.com,4b078465dc1b700e4be6542f8a29fb53ab5bd97cf1a912cf6a7a9ccbf6bbbbb3,George,Norris,1997-05-05,+1-555-7067767,DE,New York,8449 Racing Lane,48603,vip,20375.43,Alpine,2023-09-28,2026-06-14,true,true,false
CRM-00100179,george.piastri179@f1retail.com,1a9ace12fd23b8a59c379b1abbd00a57efc8b03b26b528314fe757a1261d9671,George,Piastri,2002-07-12,+1-555-4147040,MC,Paris,884 Racing Lane,90474,standard,360.34,Williams,2024-08-19,2026-05-14,false,true,false
CRM-00100180,lewis.alonso180@f1retail.com,8677b8750a97e7ed105b9bcecad93eb982ada0bf51c1a86e8437abb9d6d985b4,Lewis,Alonso,1965-09-07,+1-555-7899216,SG,Tokyo,134 Racing Lane,36475,gold,5033.92,McLaren,2026-01-22,2026-05-29,true,true,false
CRM-00100181,mia.russell181@f1retail.com,3f1e41556e3ea687ead3166400c03b17973c7c2ba5bd7ebb1c6e5cb8868af0e4,Mia,Russell,1997-03-25,+1-555-1568600,JP,London,8810 Racing Lane,90569,vip,6420.35,Williams,2024-02-20,2026-05-26,true,true,true
CRM-00100182,ren.sainz182@f1retail.com,c31a6bf5be38a18ef5ee1e84dd5faa663e2c9034d603820e0ac9187506598c2b,Ren,Sainz,1983-07-27,+1-555-3169779,TH,Tokyo,8054 Racing Lane,12316,standard,795.06,Aston Martin,2025-04-10,2026-03-19,true,true,true
CRM-00100183,sergio.chen183@f1retail.com,c31367f853c051db6225db931d6ad1ac86ff7b8116016728203dd3bf0b977868,Sergio,Chen,1971-05-27,+1-555-8569007,IT,Paris,8149 Racing Lane,22388,standard,459.26,Aston Martin,2024-12-11,2026-03-07,true,true,false
CRM-00100184,ishaan.ocon184@f1retail.com,64aa97950bb3c4e9df14278a9e53e295c4b5d6ba137fc561fb232095383f2958,Ishaan,Ocon,1974-03-26,+1-555-6425628,DE,Paris,8712 Racing Lane,66720,vip,10504.8,Alpine,2025-11-08,2026-04-26,true,true,true
CRM-00100185,samuel.taylor185@f1retail.com,878131268096b5f69f75cb9119d7d469361e8a08936ec67b3f0884e25af78dcd,Samuel,Taylor,1996-06-07,+1-555-3845112,DE,London,2435 Racing Lane,13623,gold,2984.87,Williams,2025-10-19,2026-02-11,true,false,true
CRM-00100186,sergio.johnson186@f1retail.com,1c354c82ca8a3d5bb4f35a0e5523124ece29e0c3a74da3c7b07b486722c51bdc,Sergio,Johnson,1969-12-17,+1-555-6481213,BR,London,9704 Racing Lane,53020,gold,4071.68,Ferrari,2024-04-22,2026-05-20,true,false,true
CRM-00100187,arjun.rodriguez187@f1retail.com,1e87d0259f8b6b2870965711a46744dca92cbacfbfb9b0710580d3d0a77949b9,Arjun,Rodriguez,1972-06-04,+1-555-5844294,CA,Tokyo,4471 Racing Lane,88133,gold,5265.97,Aston Martin,2024-09-19,2025-12-19,false,false,false
CRM-00100188,joseph.chen188@f1retail.com,db11abdcfeb5243c3ce5bcd6e21aac8a0d1e36a857556ed090681adf52071699,Joseph,Chen,1987-06-24,+1-555-1093403,US,Paris,7811 Racing Lane,57766,standard,717.7,McLaren,2024-07-23,2026-04-24,true,true,false
CRM-00100189,arjun.iyer189@f1retail.com,72928a785dca49c252888955ac22d2294418593753263946f6fd532a14b4f203,Arjun,Iyer,1970-02-27,+1-555-6379511,IT,London,7388 Racing Lane,64601,gold,5326.58,Ferrari,2026-06-12,2026-03-27,true,true,false
CRM-00100190,evelyn.sharma190@f1retail.com,1975ed3aaaea1be3fb1d30c51c4fa0ec925ef04f3c67f8e07addf28c234e0a65,Evelyn,Sharma,1979-05-14,+1-555-9801580,IN,London,7936 Racing Lane,98711,gold,2593.88,Alpine,2025-01-23,2026-05-10,true,true,false
CRM-00100191,mason.ahmed191@f1retail.com,912106e9e3eebda469adc0b883c89f7a95fcd5122aa3674d2d882db8bff0b295,Mason,Ahmed,1962-03-19,+1-555-7250627,NL,Milan,3775 Racing Lane,86446,gold,5008.11,Williams,2025-12-29,2026-05-04,true,true,true
CRM-00100192,valtteri.brown192@f1retail.com,4260b1072084d91a3efc0b64af04d804c3108c3f0e458de9968aa2c371d996ea,Valtteri,Brown,1977-03-02,+1-555-8568654,MC,Paris,2211 Racing Lane,91938,gold,4305.57,Aston Martin,2023-09-24,2026-02-18,true,true,true
CRM-00100193,kai.iyer193@f1retail.com,7674449753090dae886ef7106a14434ce776d84eee3bcc9ac0cf12550a151bd7,Kai,Iyer,1995-05-02,+1-555-5264529,ES,New York,3283 Racing Lane,29023,vip,14347.75,Williams,2024-06-09,2026-06-03,true,true,false
CRM-00100194,ava.hamilton194@f1retail.com,4ec4aeeedb45ab1395547d7f6a06e4f7b1dd7bd4eb23fdf62822bb3ecf61f5f3,Ava,Hamilton,1980-04-16,+1-555-3846934,NL,Milan,6590 Racing Lane,25962,standard,717.97,Alpine,2025-06-11,2026-04-01,true,true,true
CRM-00100195,ethan.ahmed195@f1retail.com,628c10dda39480d9f5114af5cb88e3b83dcddab54839026aa4dfec196f990ece,Ethan,Ahmed,1962-06-17,+1-555-2097416,MC,New York,8938 Racing Lane,85693,standard,483.49,Mercedes,2024-10-13,2026-01-01,true,false,true
CRM-00100196,maya.ahmed196@f1retail.com,67884a124a993fa50f870ec4a8e0d0590cc2c88baec2daf31635cabdbae25c95,Maya,Ahmed,1996-04-26,+1-555-6660364,FR,Paris,2296 Racing Lane,98348,gold,4658.42,Ferrari,2025-07-09,2026-03-10,true,false,false
CRM-00100197,carlos.russell197@f1retail.com,08d61df58a1aee5cc6bee1776ba9b8795034fa1da713ccec6ffd596168a900d2,Carlos,Russell,1988-07-26,+1-555-4224365,IN,London,482 Racing Lane,62575,silver,1391.28,Aston Martin,2025-04-29,2026-03-07,true,true,true
CRM-00100198,amelia.ahmed198@f1retail.com,0999364427b923acb984b59e7a41733e21b5291bb298bc8ca28c773042e8104f,Amelia,Ahmed,1965-12-24,+1-555-9457657,IT,London,5832 Racing Lane,41620,silver,2378.24,Red Bull Racing,2026-02-04,2025-12-19,true,true,false
CRM-00100199,kai.norris199@f1retail.com,7cee732196dda55611f1f83058f2f72cdfd6d7902012e4714d3a73d42f605a42,Kai,Norris,1998-07-14,+1-555-6453402,CA,Milan,5422 Racing Lane,61220,silver,1026.69,Red Bull Racing,2025-08-04,2026-04-23,true,false,false